Name,Site,Aliases
Jeff Tanti,91,"Jeff,Tanti,91,JEFF,TANTI"
Niel Tzilinis,92,"Niel,Tzilinis,92,NIEL,TZILINIS"
Mona Taouk,93,"Mona,Taouk,93,MONA,TAOUK"
John Tsourou,94,"John,Tsourou,94,JOHN,TSOUROU"
Frank Rossignliolo,95,"Frank,Rossignliolo,95,FRANK,ROSSIGNLIOLO"
Darren Ianno,96,"Darren,Ianno,96,DARREN,IANNO"
Barbera Brightwell,97,"Barbera,Brightwell,97,BARBERA,BRIGHTWELL"
Sion Sonsini,98,"Sion,Sonsini,98,SION,SONSINI"
Anna Forbes,99,"Anna,Forbes,99,ANNA,FORBES"
Amanda Ash,5,"Amanda,Ash,5,AMANDA,ASH"
Micheal White,6,"Micheal,White,6,MICHEAL,WHITE"
Helen Samra,10,"Helen,Samra,10,HELEN,SAMRA"
Silvana Grouios,11,"Silvana,Grouios,11,SILVANA,GROUIOS"
Michelle Cefai,12,"Michelle,Cefai,12,MICHELLE,CEFAI"
Trevor Butler,13,"Trevor,Butler,13,TREVOR,BUTLER"
Suzette Leppard,14,"Suzette,Leppard,14,SUZETTE,LEPPARD"
Adam Pawson,15,"Adam,Pawson,15,ADAM,PAWSON"
No-one,16,"No-one,16,NO-ONE,16"
Elizabeth Jacklin,17,"Elizabeth,Jacklin,17,ELIZABETH,JACKLIN"
Gennaroe Mirabelli,19,"Gennaroe,Mirabelli,19,GENNAROE,MIRABELLI"
Tracey Smith,26,"Tracey,Smith,26,TRACEY,SMITH"
Leigh Penrose,30,"Leigh,Penrose,30,LEIGH,PENROSE"
Lee Bouterakos,31,"Lee,Bouterakos,31,LEE,BOUTERAKOS"
Sherrie Cameron,33,"Sherrie,Cameron,33,SHERRIE,CAMERON"
Johanna Selleck,34,"Johanna,Selleck,34,JOHANNA,SELLECK"
Diane Stokes,35,"Diane,Stokes,35,DIANE,STOKES"
Jim Vlachos,36,"Jim,Vlachos,36,JIM,VLACHOS"
Jo Polidoros,37,"Jo,Polidoros,37,JO,POLIDOROS"
Con Ganakas,38,"Con,Ganakas,38,CON,GANAKAS"
Victoria Grawler,39,"Victoria,Grawler,39,VICTORIA,GRAWLER"
Karen Saunders,40,"Karen,Saunders,40,KAREN,SAUNDERS"
Sofia Labropoulos,41,"Sofia,Labropoulos,41,SOFIA,LABROPOULOS"
Collin Phillips,42,"Collin,Phillips,42,COLLIN,PHILLIPS"
William Burman,43,"William,Burman,43,WILLIAM,BURMAN"
Elizabeth Burman,44,"Elizabeth,Burman,44,ELIZABETH,BURMAN,LIZ"
Phillip Lockwood,45,"Phillip,Lockwood,45,PHILLIP,LOCKWOOD"
Theodora Lopez,46,"Theodora,Lopez,46,THEODORA,LOPEZ"
Nancy Sudklai,47,"Nancy,Sudklai,47,NANCY,SUDKLAI"
Jason Barclay,48,"Jason,Barclay,48,JASON,BARCLAY,MELANIE"
Colin Price,50,"Colin,Price,50,COLIN,PRICE"
Kristal Spencer,51,"Kristal,Spencer,51,KRISTAL,SPENCER"
Judy Mills,52,"Judy,Mills,52,JUDY,MILLS"
Dayle Zimmerman,53,"Dayle,Zimmerman,53,DAYLE,ZIMMERMAN,ZIMMERMANN"
Dean Kinnear,54,"Dean,Kinnear,54,DEAN,KINNEAR"
Joe Del-Mastro,55,"Joe,Del-Mastro,55,JOE,DEL-MASTRO"
Joe Pinisano,57,"Joe,Pinisano,57,JOE,PINISANO"
Fay Meyer,58,"Fay,Meyer,58,FAY,MEYER"
Sam Cechris,60,"Sam,Cechris,60,SAM,CECHRIS"
Melisa Sumsion,62,"Melisa,Sumsion,62,MELISA,SUMSION"
Edward Mulvenna,63,"Edward,Mulvenna,63,EDWARD,MULVENNA"
Carol Saunders,64,"Carol,Saunders,64,CAROL,SAUNDERS"
Kristy Grigor,65,"Kristy,Grigor,65,KRISTY,GRIGOR"
Nick Bark,66,"Nick,Bark,66,NICK,BARK"
Stephen Kinnear,67,"Stephen,Kinnear,67,STEPHEN,KINNEAR"
Leyenda Barret,69,"Leyenda,Barret,69,LEYENDA,BARRET"
Judy Toma,70,"Judy,Toma,70,JUDY,TOMA"
Vicky Condello,71,"Vicky,Condello,71,VICKY,CONDELLO"
Paul Clohesy,72,"Paul,Clohesy,72,PAUL,CLOHESY"
Debbie Miller,74,"Debbie,Miller,74,DEBBIE,MILLER"
Carolyn Baker,75,"Carolyn,Baker,75,CAROLYN,BAKER"
Mandy Hayley,76,"Mandy,Hayley,76,MANDY,HAYLEY"
Daniel Campbell,77,"Daniel,Campbell,77,DANIEL,CAMPBELL"
Paula Forrester,78,"Paula,Forrester,78,PAULA,FORRESTER"
Craig Butler,79,"Craig,Butler,79,CRAIG,BUTLER"
Nathan Eid,80,"Nathan,Eid,80,NATHAN,EID"
