Amount,Transaction Details,Processed On
7500.0,Diane StokesAnnual Fee,06 Jul 26
50.0,"Diane StokesAnnual FeeSorry, I forgot the",06 Jul 26
775.0,Model caravan PAUL CLOHESY Mcrose pty ltd,06 Jul 26
550.0,Site 48 MELANIE BARCLAY Rosebud Caravan,06 Jul 26
4000.0,DARREN IANNOFees,03 Jul 26
100.0,Leppard Site 14 Suzette Leppard Rosebud carvava,03 Jul 26
200.0,Van DAYLE ZIMMERMANN rosebud model ca,03 Jul 26
300.0,LIZ BURMANLIZ BURMAN SITE FEES,01 Jul 26
856.0,SHERRIE MCDONALDCameron 16,30 Jun 26
9200.0,CASH,30 Jun 26
7700.0,JOSEPH PANTISANOVan 57 Jodie KarenVan 57 Jodie Karen,29 Jun 26
5000.0,JOSEPH DEL MASTROSite 55 Joe Del Mastro Site,29 Jun 26
350.0,KERRY COPESite 31,29 Jun 26
561.0,Site 6 MWCB MICHAEL WHITE McRose Pty Ltd,29 Jun 26
100.0,Leppard Site 14 Suzette Leppard Rosebud carvava,26 Jun 26
6700.0,ADAM PAWSONSite 15 Adam Pawso,25 Jun 26
641.5,SOFIA LABROPOULOSsite 41site 41,25 Jun 26
463.0,CAROLYN J BAKERSite 75 June Fees,25 Jun 26
270.0,SITE 11 GROUIOS S ROSEBUD MODEL CA,25 Jun 26
600.0,K J M SPENCERVan51 kristal Spence,24 Jun 26
300.0,Burmansites feesliz and william burm,24 Jun 26
641.66,LEYENDA BARRETTSite fee for 69 BarrSite fees for 69 Bar,22 Jun 26
700.0,SITE 50 PRICE GLENYS PRICE RMCP,19 Jun 26
100.0,Leppard Site 14 Suzette Leppard Rosebud carvava,19 Jun 26
200.0,Van DAYLE ZIMMERMANN rosebud model ca,19 Jun 26
11400.0,CASH,19 Jun 26
795.0,SHERRIE MCDONALDSherrie skip,18 Jun 26
592.0,COLIN PHILLIPSSite 42 Phillips,18 Jun 26
300.0,Burmansites feesliz and william burm,17 Jun 26
600.0,KIRSTIE GRIGORCatch up payment. Si,16 Jun 26
40.0,FLEXIPAY 16/06 16:28MCROSE PTY L 1507 POINT NEPEAN RD,16 Jun 26
620.0,Julie Anne GrinterGrinter Cabin 8Grinter Cabin 8,15 Jun 26
612.5,NATHAN EIDSite 80 Nathan Eid,15 Jun 26
600.0,VITTORIA CONDELLOVcondello site71,15 Jun 26
462.05,MARJORIE MEYERRosebud Fees,15 Jun 26
7000.0,SHERRIE MCDONALD33 mcdonald,15 Jun 26
462.5,ELIZABETH JACKLINSite17 June26Site17 June26,15 Jun 26
750.0,Daniel CampbellSite 77 monthly,15 Jun 26
612.5,SJ CechrisSITE 60SITE 60,15 Jun 26
500.0,MR PHILIP BRIAN LOCKTRANSFER Site 45,15 Jun 26
525.0,Site 65 monthly KIRSTIE GRIGOR Rosebud Model Ca,15 Jun 26
5000.0,JOSEPH DEL MASTROJoe Del Mastro Joe Del Mastro Site,12 Jun 26
100.0,Leppard Site 14 Suzette Leppard Rosebud carvava,12 Jun 26
270.0,SITE 11 GROUIOS S ROSEBUD MODEL CA,11 Jun 26
700.0,SHARA GRAHAMCaravan 31,10 Jun 26
633.83,Joanna PolidorosCabin 37,10 Jun 26
600.0,K J M SPENCERVan51 kristal Spence,10 Jun 26
300.0,Burmansites feesliz and william burm,10 Jun 26
1075.0,MICHELLE CEFAIMonthly payments for,09 Jun 26
50.0,Van DAYLE ZIMMERMANN rosebud model ca,09 Jun 26
100.0,Kevin G Saunders,08 Jun 26
462.5,LEYENDA BARRETTLast for FY SITE 69 Last for FY SITE 69,08 Jun 26
