Date,Amount,Account Number,,Transaction Type,Transaction Details,Balance,Category,Merchant Name,Processed On
06 Jul 26,7500.00,124761565,,TRANSFER CREDIT,Diane StokesAnnual Fee,13259.61,Transfers in,,06 Jul 26
06 Jul 26,50.00,124761565,,TRANSFER CREDIT,"Diane StokesAnnual FeeSorry, I forgot the",5759.61,Transfers in,,06 Jul 26
06 Jul 26,775.00,124761565,,INTER-BANK CREDIT,Model caravan PAUL CLOHESY Mcrose pty ltd,5709.61,Transfers in,,06 Jul 26
06 Jul 26,550.00,124761565,,INTER-BANK CREDIT,Site 48 MELANIE BARCLAY Rosebud Caravan,4934.61,Transfers in,,06 Jul 26
03 Jul 26,4000.00,124761565,,TRANSFER CREDIT,DARREN IANNOFees,4384.61,Transfers in,,03 Jul 26
03 Jul 26,100.00,124761565,,INTER-BANK CREDIT,Leppard Site 14 Suzette Leppard Rosebud carvava,384.61,Transfers in,,03 Jul 26
03 Jul 26,200.00,124761565,,INTER-BANK CREDIT,Van DAYLE ZIMMERMANN rosebud model ca,284.61,Transfers in,,03 Jul 26
01 Jul 26,300.00,124761565,,TRANSFER CREDIT,LIZ BURMANLIZ BURMAN SITE FEES,84.61,Transfers in,,01 Jul 26
01 Jul 26,-10350.00,124761565,,TRANSFER DEBIT,ONLINE L2820196583 Model Park Dep MCROSE,-215.39,Internal transfers,,01 Jul 26
30 Jun 26,856.00,124761565,,TRANSFER CREDIT,SHERRIE MCDONALDCameron 16,10134.61,Transfers in,,30 Jun 26
30 Jun 26,-25.46,124761565,,AUTOMATIC DRAWING,MERCH FEE003519392 MCROSE PTY LTD MCROSE PTY LTD,9278.61,Transfers out,,30 Jun 26
30 Jun 26,-13700.00,124761565,,TRANSFER DEBIT,ONLINE A4581251705 Model Park Deposit MCROSE,9304.07,Internal transfers,,30 Jun 26
30 Jun 26,-10.00,124761565,,FEES,ACCOUNT FEES A.K.F. MCROSE,23004.07,Fees,,30 Jun 26
30 Jun 26,9200.00,124761565,,DEPOSIT,CASH,23014.07,Other income,,30 Jun 26
29 Jun 26,7700.00,124761565,,TRANSFER CREDIT,JOSEPH PANTISANOVan 57 Jodie KarenVan 57 Jodie Karen,13814.07,Transfers in,,29 Jun 26
29 Jun 26,5000.00,124761565,,TRANSFER CREDIT,JOSEPH DEL MASTROSite 55 Joe Del Mastro Site,6114.07,Transfers in,,29 Jun 26
29 Jun 26,350.00,124761565,,TRANSFER CREDIT,KERRY COPESite 31,1114.07,Transfers in,,29 Jun 26
29 Jun 26,561.00,124761565,,INTER-BANK CREDIT,Site 6 MWCB MICHAEL WHITE McRose Pty Ltd,764.07,Transfers in,,29 Jun 26
26 Jun 26,-9600.00,124761565,,TRANSFER DEBIT,ONLINE W1891106914 Model Park deposit MCROSE,203.07,Internal transfers,,26 Jun 26
26 Jun 26,100.00,124761565,,INTER-BANK CREDIT,Leppard Site 14 Suzette Leppard Rosebud carvava,9803.07,Transfers in,,26 Jun 26
25 Jun 26,6700.00,124761565,,TRANSFER CREDIT,ADAM PAWSONSite 15 Adam Pawso,9703.07,Transfers in,,25 Jun 26
25 Jun 26,641.50,124761565,,TRANSFER CREDIT,SOFIA LABROPOULOSsite 41site 41,3003.07,Transfers in,,25 Jun 26
25 Jun 26,463.00,124761565,,TRANSFER CREDIT,CAROLYN J BAKERSite 75 June Fees,2361.57,Transfers in,,25 Jun 26
25 Jun 26,270.00,124761565,,INTER-BANK CREDIT,SITE 11 GROUIOS S ROSEBUD MODEL CA,1898.57,Transfers in,,25 Jun 26
24 Jun 26,600.00,124761565,,TRANSFER CREDIT,K J M SPENCERVan51 kristal Spence,1628.57,Transfers in,,24 Jun 26
24 Jun 26,300.00,124761565,,TRANSFER CREDIT,Burmansites feesliz and william burm,1028.57,Transfers in,,24 Jun 26
22 Jun 26,641.66,124761565,,TRANSFER CREDIT,LEYENDA BARRETTSite fee for 69 BarrSite fees for 69 Bar,728.57,Transfers in,,22 Jun 26
19 Jun 26,-17500.00,124761565,,TRANSFER DEBIT,ONLINE C7018839477 Model Park Deposit MCROSE,86.91,Internal transfers,,19 Jun 26
19 Jun 26,700.00,124761565,,INTER-BANK CREDIT,SITE 50 PRICE GLENYS PRICE RMCP,17586.91,Transfers in,,19 Jun 26
19 Jun 26,100.00,124761565,,INTER-BANK CREDIT,Leppard Site 14 Suzette Leppard Rosebud carvava,16886.91,Transfers in,,19 Jun 26
19 Jun 26,200.00,124761565,,INTER-BANK CREDIT,Van DAYLE ZIMMERMANN rosebud model ca,16786.91,Transfers in,,19 Jun 26
19 Jun 26,11400.00,124761565,,DEPOSIT,CASH,16586.91,Other income,,19 Jun 26
18 Jun 26,795.00,124761565,,TRANSFER CREDIT,SHERRIE MCDONALDSherrie skip,5186.91,Transfers in,,18 Jun 26
18 Jun 26,592.00,124761565,,TRANSFER CREDIT,COLIN PHILLIPSSite 42 Phillips,4391.91,Transfers in,,18 Jun 26
17 Jun 26,300.00,124761565,,TRANSFER CREDIT,Burmansites feesliz and william burm,3799.91,Transfers in,,17 Jun 26
16 Jun 26,600.00,124761565,,TRANSFER CREDIT,KIRSTIE GRIGORCatch up payment. Si,3499.91,Transfers in,,16 Jun 26
16 Jun 26,40.00,124761565,,EFTPOS TRANSACTION,FLEXIPAY 16/06 16:28MCROSE PTY L 1507 POINT NEPEAN RD,2899.91,Other income,,16 Jun 26
15 Jun 26,620.00,124761565,,TRANSFER CREDIT,Julie Anne GrinterGrinter Cabin 8Grinter Cabin 8,2859.91,Transfers in,,15 Jun 26
15 Jun 26,612.50,124761565,,TRANSFER CREDIT,NATHAN EIDSite 80 Nathan Eid,2239.91,Transfers in,,15 Jun 26
15 Jun 26,600.00,124761565,,TRANSFER CREDIT,VITTORIA CONDELLOVcondello site71,1627.41,Transfers in,,15 Jun 26
15 Jun 26,462.05,124761565,,TRANSFER CREDIT,MARJORIE MEYERRosebud Fees,1027.41,Transfers in,,15 Jun 26
15 Jun 26,7000.00,124761565,,TRANSFER CREDIT,SHERRIE MCDONALD33 mcdonald,565.36,Transfers in,,15 Jun 26
15 Jun 26,462.50,124761565,,TRANSFER CREDIT,ELIZABETH JACKLINSite17 June26Site17 June26,-6434.64,Transfers in,,15 Jun 26
15 Jun 26,750.00,124761565,,TRANSFER CREDIT,Daniel CampbellSite 77 monthly,-6897.14,Transfers in,,15 Jun 26
15 Jun 26,612.50,124761565,,TRANSFER CREDIT,SJ CechrisSITE 60SITE 60,-7647.14,Transfers in,,15 Jun 26
15 Jun 26,500.00,124761565,,TRANSFER CREDIT,MR PHILIP BRIAN LOCKTRANSFER Site 45,-8259.64,Transfers in,,15 Jun 26
15 Jun 26,-14400.00,124761565,,TRANSFER DEBIT,ONLINE C1279617894 Model Park Deposit MCROSE,-8759.64,Internal transfers,,15 Jun 26
15 Jun 26,525.00,124761565,,INTER-BANK CREDIT,Site 65 monthly KIRSTIE GRIGOR Rosebud Model Ca,5640.36,Transfers in,,15 Jun 26
12 Jun 26,5000.00,124761565,,TRANSFER CREDIT,JOSEPH DEL MASTROJoe Del Mastro Joe Del Mastro Site,5115.36,Transfers in,,12 Jun 26
12 Jun 26,-15200.00,124761565,,TRANSFER DEBIT,ONLINE Q2333632013 Model Park Deposit MCROSE,115.36,Internal transfers,,12 Jun 26
12 Jun 26,100.00,124761565,,INTER-BANK CREDIT,Leppard Site 14 Suzette Leppard Rosebud carvava,15315.36,Transfers in,,12 Jun 26
11 Jun 26,270.00,124761565,,INTER-BANK CREDIT,SITE 11 GROUIOS S ROSEBUD MODEL CA,15215.36,Transfers in,,11 Jun 26
10 Jun 26,700.00,124761565,,TRANSFER CREDIT,SHARA GRAHAMCaravan 31,14945.36,Transfers in,,10 Jun 26
10 Jun 26,633.83,124761565,,TRANSFER CREDIT,Joanna PolidorosCabin 37,14245.36,Transfers in,,10 Jun 26
10 Jun 26,600.00,124761565,,TRANSFER CREDIT,K J M SPENCERVan51 kristal Spence,13611.53,Transfers in,,10 Jun 26
10 Jun 26,300.00,124761565,,TRANSFER CREDIT,Burmansites feesliz and william burm,13011.53,Transfers in,,10 Jun 26
09 Jun 26,1075.00,124761565,,TRANSFER CREDIT,MICHELLE CEFAIMonthly payments for,12711.53,Transfers in,,09 Jun 26
09 Jun 26,50.00,124761565,,INTER-BANK CREDIT,Van DAYLE ZIMMERMANN rosebud model ca,11636.53,Transfers in,,09 Jun 26
08 Jun 26,100.00,124761565,,TRANSFER CREDIT,Kevin G Saunders,11586.53,Transfers in,,08 Jun 26
08 Jun 26,462.50,124761565,,TRANSFER CREDIT,LEYENDA BARRETTLast for FY SITE 69 Last for FY SITE 69,11486.53,Transfers in,,08 Jun 26
